"1";"2";"3";"4";"5";"6";"7";"8"
"219";"c/ Convento";"c/ Convento cruce c/ Francisco Ferrer";"3820";"Cocentaina";"c/ Convento cruce c/ Francisco Ferrer";"38.737232";"-0.442479"
"219";"Av de Xátiva, 18";"Av de Xátiva, 18";"3820";"Cocentaina";;"38.747791";"-0.439665"
"219";"Plaza de la Noria";"Plaza de la Noria";"46130";"MASSAMAGRELL (VALENCIA)";;"39.567982";"-0.330547"
"219";"c/ Escoles";"Carrer de les Escoles";"46130";"MASSAMAGRELL (VALENCIA)";;"39.578922";"-0.328023"
"219";"Plaza de Rodrigo Botet, 7";"Plaza de Rodrigo Botet, 7";"46002";"Valencia";;"39.471455";"-0.375202"
"219";"Ctra. Llaurador Valenciá";"Carretera Llaurador Valenciá (cruce Ausias March)";"46130";"MASSAMAGRELL (VALENCIA)";;"39.568459";"-0.334878"
"219";"Plaza del Doctor Landete, 9";"Plaza del Doctor Landete, 9";"46006";"Valencia";;"39.463276";"-0.371892"
"219";"c/ San Miguel";"c/ San Miguel";"46181";"BENISANO (VALENCIA)";;"39.612896";"-0.574243"
"219";"Urbanización Cumbres de San Antonio de Benageber";"c/ Llimeres (junto caseta de información)";"46184";"SAN ANTONIO DE BENAGEBER (VALENCIA)";;"39.569241";"-0.487844"
"219";"Carrer de Sant Miquel de Soternes";"Carrer de Sant Miquel de Soternes (esquina calle Archena)";"46014";"VALENCIA";;"39.470783";"-0.410138"
"219";"c/ Miguel Servet";"c/ Miguel Servet, 28";"46015";"VALENCIA";;"39.488537";"-0.394165"
"219";"c/ Benisoda";"c/ Benisoda, 19";"46022";"VALENCIA";;"39.472252";"-0.334576"
"219";"Av de Blasco Ibañez";"Av de Blasco Ibañez, 155 (Parroquia Espíritu Santo)";"46022";"VALENCIA";;"39.471699";"-0.339029"
"219";"Av de Valladolid";"Av de Valladolid, 4";"46020";"VALENCIA";;"39.489414";"-0.361872"
"219";"Plaza Virgen de Lepanto";"Plaza Virgen de Lepanto (junto a la Parroquia de Nuestra Señora de Lepanto), Castellar";"46026";"VALENCIA";;"39.429340";"-0.363475"
"219";"Calle del Doctor Moliner, 10";"Calle del Doctor Moliner, 10";"46010";"Valencia";;"39.476471";"-0.362709"
"219";"L'Oceanogràfic";"Camino de Las Moreras";"46023";"Valencia";;"39.452789";"-0.348120"
"219";"c/ Mariana Pineda";"c/ Mariana Pineda";"46130";"MASSAMAGRELL (VALENCIA)";;"39.578995";"-0.325589"
"219";"c/ Francisco Tárrega";"c/ Francisco Tárrega  (cruce Av Serra)";"46130";"MASSAMAGRELL (VALENCIA)";;"39.579338";"-0.346110"
"219";"c/ Burgos";"c/ Burgos (esquina Plaza Roma)";"46018";"VALENCIA";;"39.471310";"-0.399026"
"219";"Camino Alquería de Albors";"Camino Alquería de Albors";"46019";"VALENCIA";;"39.496735";"-0.368565"
"219";"Av Magdalena";"Av Magdalena";"46130";"MASSAMAGRELL (VALENCIA)";;"39.571507";"-0.336649"
"219";"Av de Tamarindos, 23";"Av de Tamarindos, 23";"46015";"Valencia";;"39.478287";"-0.402404"
"219";"c/ Los Leones";"c/ Los Leones, 9 y 11";"46022";"VALENCIA";;"39.465454";"-0.348649"
"219";"c/ Floresta";"c/ Floresta, 25";"46022";"VALENCIA";;"39.466927";"-0.348905"
"219";"Calle del Doctor Vicente Zaragozá, 6";"Calle del Doctor Vicente Zaragozá, 6";"46020";"Valencia";;"39.485146";"-0.363672"
"219";"Calle de San Pancracio, 3";"Calle de San Pancracio, 3";"46009";"Valencia";;"39.487480";"-0.387967"
"219";"c/ Abadía";"c/Abadía (Mercado Municipal)";"46110";"GODELLA";;"39.518669";"-0.411257"
"219";"c/ Ausias March";"c/ Ausias March (cruce con Peris Aragó)";"46120";"ALBORAYA";;"39.496029";"-0.350867"
"219";"Calle Gafarda, 7";"Calle Gafarda, 7";"46184";"San Antonio de Benagéber";;"39.558529";"-0.501008"
"219";"Carrer 8 de Abril, 41";"Carrer 8 de Abril, 41";"46184";"San Antonio de Benagéber";;"39.556004";"-0.498764"
"219";"Carrer Terrerola, 8";"Carrer Terrerola, 8";"46184";"San Antonio de Benagéber";;"39.549767";"-0.495085"
"219";"Carrer de Xúquer, 16";"Carrer de Xúquer, 16";"46184";"San Antonio de Benagéber";;"39.579357";"-0.511138"
"219";"Brico Depot";"Brico Depot";;;;"39.562885";"-0.499656"
"219";"Calle del Doctor Facundo Tomás, 6";"Calle del Doctor Facundo Tomás, 6";"46360";"Buñol";;"39.423195";"-0.790559"
"219";"Calle de Joan Cierva, 24";"Calle de Joan Cierva, 24";"46680";"Algemesí";;"39.194530";"-0.431211"
"219";"Calle de Gómez Ferrer, 14";"Calle de Gómez Ferrer, 14";"46680";"Algemesí";;"39.194183";"-0.438364"
"219";"Plaza de la Virgen de los Dolores";"Plaza de la Virgen de los Dolores";"46680";"Algemesí";;"39.189468";"-0.435980"
"219";"Carrer Xeresa, 14";"Carrer Xeresa, 14";"46701";"Gandia";;"38.972061";"-0.183138"
"219";"Avinguda de la Mar, 60";"Avinguda de la Mar, 60";"46701";"Gandia";;"38.978653";"-0.171521"
"219";"Avinguda de Beniopa, 82";"Avinguda de Beniopa, 82";"46701";"Gandia";;"38.970509";"-0.189716"
"219";"Plaza de España";"Plaza de España";"46702";"Gandia";;"38.964363";"-0.186625"
"219";"Plaça de Crist Rei";"Plaça de Crist Rei";"46702";"Gandia";;"38.966003";"-0.186438"
"219";"Parc Alqueria Nova, 56";"Parc Alqueria Nova, 56";"46702";"Gandia";;"38.968899";"-0.190171"
"219";"Passeig de les Germanies";"Passeig de les Germanies";"46702";"Gandia";;"38.967358";"-0.193754"
"219";"Carrer dels Reis Catòlics, 58";"Carrer dels Reis Catòlics, 58";"46702";"Gandia";;"38.964325";"-0.191377"
"219";"Avinguda del Raval, 43";"Avinguda del Raval, 43";"46702";"Gandia";;"38.961330";"-0.179965"
"219";"Avda. República Argentina";"Avda. República Argentina, 102";"46701";"Gandia";;"38.973724";"-0.183788"
"219";"Carretera Grau, 38";"Carretera Grau, 38";"46730";"Gandia";;"38.986652";"-0.163789"
"219";"Calle Ermita, 2";"Calle Ermita, 2";"46730";"Gandia";;"38.991631";"-0.160688"
"219";"Av de Ausias March";"Av de Ausias March (cruce con Carraixent) ";"46132";"ALMÀSSERA";;"39.512039";"-0.358198"
"219";"Plaza Olivera, 6";"Plaza Olivera, 6";"46703";"Benirredrá";;"38.963013";"-0.192918"
"219";"c/ Calixto III";"c/ Calixto III";"46780";"OLIVA";;"38.916733";"-0.114587"
"219";"Plaza Major, 1";"Plaza Major, 1";"46715";"Alquería de la Condesa";;"38.936962";"-0.154605"
"219";"Calle de Menéndez Pelayo, 13";"Calle de Menéndez Pelayo, 13";"46716";"Rafelcofer";;"38.933277";"-0.165551"
"219";"c/ Cervantes";"c/ Cervantes";"46701";"Gandia";;"38.970455";"-0.176471"
"219";"Calle de la Encarnación, 14";"Calle de la Encarnación, 14";"46770";"Xeraco";;"39.033241";"-0.216312"
"219";"Av de Borrons, 5";"Av de Borrons, 5";"46770";"Xeraco";;"39.047462";"-0.194513"
"219";"Calle de Major, 17";"Calle de Major, 17";"46790";"Xeresa";;"39.009792";"-0.218208"
"219";"Plaza de la Virgen de Loreto";"Plaza de la Virgen de Loreto";"46850";"L'Olleria";;"38.914116";"-0.549398"
"219";"Colegio Publico Manuel Sanchis Guarner";"Colegio Publico Manuel Sanchis Guarner";;;;"38.915314";"-0.545396"
"219";"c/ Rafael Juan Vidal";"c/ Rafael Juan Vidal (esquina Plaza  Coronación)";"46870";"ONTENIENTE";;"38.819778";"-0.608565"
"219";"Calle de la Magdalena";"Calle de la Magdalena";"46870";"Ontinyent";;"38.820583";"-0.610768"
"219";"Calle de Rafael Juan Vidal, 2";"Calle de Rafael Juan Vidal, 2";"46870";"Ontinyent";;"38.819672";"-0.608743"
"219";"Calle de José Iranzo, 73";"Calle de José Iranzo, 73";"46870";"Ontinyent";;"38.823509";"-0.598143"
"219";"Calle del Escultor Juli Lluís Capuz, 2";"Calle del Escultor Juli Lluís Capuz, 2";"46870";"Ontinyent";;"38.824184";"-0.601855"
"219";"Calle de los Furs, 20";"Calle de los Furs, 20";"46870";"Ontinyent";;"38.821400";"-0.603108"
"219";"Calle del Doctor Borràs, 35";"Calle del Doctor Borràs, 35";"46893";"Alfarrasí";;"38.903584";"-0.496946"
"219";"Calle del Maestro Serrano";"Calle del Maestro Serrano";"46894";"Genovés";;"38.988522";"-0.466966"
"219";"Calle del Padre Prudencio, 1";"Calle del Padre Prudencio, 1";"46901";"Torrent";;"39.432518";"-0.464218"
"219";"c/ Padre Mendez";"c/ Padre Mendez, 122 - 124";"46900";"Torrent";;"39.430275";"-0.472458"
"219";"Calle Padre Méndez";"Calle Padre Méndez, 118";"46900";"Torrent";;"39.432133";"-0.470506"
"219";"Calle de la Constitución, 50";"Calle de la Constitución, 50";"46901";"Torrent";;"39.432705";"-0.476136"
"219";"Calle Canónigo Gisbert, 8";"Calle Canónigo Gisbert, 8";"46901";"Torrent";;"39.438099";"-0.469148"
"219";"Calle Granerers, 15";"Calle Granerers, 15";"46901";"Torrent";;"39.439251";"-0.458139"
"219";"c/ San Raimundo de Peñafort";"c/ San Raimundo de Peñafort, 9";"46900";"Torrent";;"39.437420";"-0.461279"
"219";"Centro comercial Bonaire";"Centro comercial Bonaire";;;;"39.471207";"-0.489839"
"219";"Ciudad Deportiva Del Valencia Club De Futbol";"Ciudad Deportiva Del Valencia Club De Futbol";;;;"39.541412";"-0.462302"
"219";"c/ Cami";"c/ Camí, 44 ";"3801";"ALCOI";;"38.692860";"-0.475529"
"219";"c/ Cami";"c/ Camí, 98";"3801";"ALCOI";;"38.689556";"-0.477827"
"219";"Ctra/ Molinar";"Ctra /Molinar";"3801";"ALCOI";;"38.690174";"-0.470900"
"219";"c/ Oliver";"c/ Oliver, 46";"3802";"ALCOI";;"38.692795";"-0.486695"
"219";"c/ Tibi";"c/ Tibi";"3802";"ALCOI";;"38.696297";"-0.483029"
"219";"c/ Montgó";"c/ Montgó";"3802";"ALCOI";;"38.688126";"-0.494385"
"219";"c/ Oliver";"c/ Oliver (INEM)";"3802";"ALCOI";;"38.693096";"-0.485534"
"219";"c/ Bañeres";"c/ Bañeres, 23";"3802";"ALCOI";;"38.689693";"-0.494699"
"219";"avda. País Valencià ";"avda. País Valencià (frente al Parterre)";"3802";"ALCOI";;"38.696545";"-0.476497"
"219";"c/ Balmes";"c/ Balmes";"3803";"ALCOI";;"38.700439";"-0.477203"
"219";"c/ Cid";"c/ Cid, 76";"3802";"ALCOI";;"38.704544";"-0.475418"
"219";"c/ Cid";"c/ Cid (Telepizza)";"3803";"ALCOI";;"38.702450";"-0.477794"
"219";"c/ Entenza";"c/ Entenza (soterrado) Mercado de San Roque";"3803";"ALCOI";;"38.699547";"-0.482112"
"219";"c/ Entenza";"c/ Entenza (soterrado) Mercado de San Roque";"3803";"ALCOI";;"38.699547";"-0.482112"
"219";"c/ Hispanitat";"c/ Hispanitat, 71";"3804";"ALCOI";;"38.709644";"-0.462879"
"219";"c/ Hispanitat";"c/ Hispanitat cruce Escultor Ridaura";"3804";"ALCOI";;"38.709038";"-0.463719"
"219";"c/ Hispanitat";"c/ Hispanitat cruce con Sabadell";"3804";"ALCOI";;"38.708061";"-0.466124"
"219";"c/ Sabadell";"c/Sabadell, 15";"3804";"ALCOI";;"38.708710";"-0.466984"
"219";"c/ Calderon";"c/ Calderón (Unión de Muturas)";"3804";"ALCOI";;"38.704010";"-0.473095"
"219";"c/ Sant Lluis Beltrán";"c/ Sant Lluis Beltrán";"3804";"ALCOI";;"38.708214";"-0.471232"
"219";"c/ Sant Jordi";"c/ Sant Jordi (La Española)";"3801";"ALCOI";;"38.696594";"-0.477586"
"219";"c/ Banyeres";"c/ Banyeres (La Morera)";"3802";"ALCOI";;"38.690079";"-0.495620"
"219";"c/ Valencia";"c/ Valencia (junto a  Eroski)";"3804";"ALCOI";;"38.712990";"-0.465286"
"219";"c/ Sant Isidre";"c/ Isidre (cruce c/ Reconquista)";"3804";"ALCOI";;"38.701904";"-0.483232"
"219";"c/ Sant Isidre";"c/ Isidre (cruce c/ Reconquista)";"3804";"ALCOI";;"38.701904";"-0.483232"
"219";"c/ Santa Rosa";"c/ Santa Rosa (junto parque Barranquet)";"3804";"ALCOI";;"38.698956";"-0.483688"
"219";"c/ Maestro Jose Ribera Montes ";"c/ Maestro Jose Ribera Montes (junto parque Romeral)";"3804";"ALCOI";;"38.695889";"-0.487674"
"219";"c/ Costera Gurugú";"c/ Costera Gurugú (junto mercado Sant Mateu)";"3804";"ALCOI";;"38.695385";"-0.474559"
"219";"plaza El Tinte";"plaza El Tinte (Fraga)";"3820";"Cocentaina";;"38.745167";"-0.437691"
"219";"plaza El Teular";"plaza El Teular (junto Reciento Ferial)";"3820";"Cocentaina";;"38.740910";"-0.441710"
"219";"Pedania de Algars";"Pedania de Algars (en la plaza)";"3820";"Cocentaina";;"38.718231";"-0.456833"
"219";"Partida de Alcudia";"Partida de Alcudia (en la parada del autobús)";"3820";"Cocentaina";;"38.759514";"-0.435127"
"219";"c/ Pianista Amparo Iturbi";"c/ Pianista Amparo Iturbi, 65 (Parroquia Santa Cecilia)";"46004";"Valencia";;"39.454727";"-0.376265"
"219";"c/ Sangre";"c/ Sangre, 5";"46002";"Valencia";;"39.470577";"-0.377713"
"219";"c/ San Miguel";"c/ San Miguel, 14";"46003";"Valencia";;"39.476799";"-0.380197"
"219";"c/ Jorge Juan";"c/ Jorge Juan, 21";"46004";"Valencia";;"39.468418";"-0.368634"
"219";"Plaza Barón de Cortes";"Plaza Barón de Cortes, 19";"46004";"Valencia";;"39.462399";"-0.371118"
"219";"c/ Escultor Vicente Rodil";"c/ Escultor Vicente Rodil, 3";"46007";"Valencia";;"39.457916";"-0.390690"
"219";"Avenida Giorgeta";"Avenida Giorgeta, 18";"46007";"Valencia";;"39.460590";"-0.385579"
"219";"c/ Alberique";"c/ Alberique, 18";"46008";"Valencia";;"39.467747";"-0.388824"
"219";"Plaza María Beneyto";"Plaza María Beneyto, 1 y 2";"46008";"Valencia";;"39.476662";"-0.384781"
"219";"Plaza María Beneyto";"Plaza María Beneyto, 1 y 2";"46008";"Valencia";;"39.476662";"-0.384781"
"219";"c/ Poeta Salvador Rueda";"c/ Poeta Salvador Rueda, 13 (Parroquia Resurección del Señor)";"46009";"Valencia";;"39.486156";"-0.388156"
"219";"c/ Almazora";"c/ Almazora, 37";"46009";"Valencia";;"39.484341";"-0.371953"
"219";"C/ Mariano Benlliure";"C/ Mariano Benlliure (Ayuntamiento)";"46131";"Bonrepos y Mirambell";;"39.517666";"-0.363569"
"219";"Plaza de Avila";"Plaza de Avila, 18";"46010";"Valencia";;"39.481384";"-0.369642"
"219";"Plaza de Zaragoza";"Plaza de Zaragoza (junto al kiosko del Ayuntamiento)";"46010";"VALENCIA";;"39.468933";"-0.360299"
"219";"c/ Arabista Ambrosio Huici";"c/ Arabista Ambrosio Huici, 26";"46013";"VALENCIA";;"39.456188";"-0.361735"
"219";"c/ Eduardo Soler y Perez";"c/ Eduardo Soler y Perez, 1 ";"46015";"VALENCIA";;"39.477554";"-0.399872"
"219";"Urbanización Montesano";"c/ Rio Xúquer (frente al nº 16 del Pozo de Santa María)";"46184";"SAN ANTONIO DE BENAGEBER (VALENCIA)";;"39.579140";"-0.511815"
"219";"c/ Terrerola";"c/ Terrerola, 8, Colinas de San Antonio";"46184";"SAN ANTONIO DE BENAGEBER (VALENCIA)";;"39.549694";"-0.495182"
"219";"c/ Cadernera";"c/ Cadernera, Colinas de San Antonio";"46184";"SAN ANTONIO DE BENAGEBER (VALENCIA)";;"39.553436";"-0.494385"
"219";"Av  Ocho de Abril";"Av Ocho de Abril, 41 ";"46184";"SAN ANTONIO DE BENAGEBER (VALENCIA)";;"39.555016";"-0.498446"
"219";"c/ Gafarda";"c/ Gafarda (esquina calle Purísima) ";"46184";"SAN ANTONIO DE BENAGEBER (VALENCIA)";;"39.560246";"-0.500840"
"219";"c/ Valencia";"c/ Valencia";"46210";"PICANYA";;"39.437981";"-0.432331"
"219";"Paseo Primavera";"Paseo Primavera (frente piscina cubierta)";"46210";"PICANYA";;"39.432076";"-0.423994"
"219";"c/ Ramón y Cajal";"c/ Ramón y Cajal (frente a viveros)";"46370";"CHIVA";;"39.470833";"-0.721693"
"219";"c/ Doctor Corachán";"c/ Doctor Corachán (frente a la EPA)";"46370";"CHIVA";;"39.474300";"-0.710879"
"219";"c/ Doctor Corachán";"c/ Doctor Corachán (frente a la EPA)";"46370";"CHIVA";;"39.474300";"-0.710879"
"219";"Avenida Jacinto Benavente";"Avenida Jacinto Benavente (esquina Dr. Fleming)";"46500";"ONTENIENTE";;"38.823456";"-0.612529"
"219";"c/ Padre Luis Colomer";"c/ Padre Luis Colomer, s/n";"46870";"ONTENIENTE";;"38.826088";"-0.609605"
"219";"Avenida de la Almaig";"Avenida de la Almaig (enfrente restaurante chino)";"46870";"ONTENIENTE";;"38.819252";"-0.601541"
"219";"c/ Tanger";"c/ Tanger";"46624";"JALANCE";;"39.191864";"-1.076570"
"219";"c/ Vereda";"c/ Vereda";"46625";"COFRENTES";;"39.229149";"-1.063514"
"219";"Plaza Raconet";"Plaza Raconet, s/n";"46711";"MIRAMAR";;"38.950897";"-0.139490"
"219";"Plaza Raconet";"Plaza Raconet, s/n";"46711";"MIRAMAR";;"38.950897";"-0.139490"
"219";"Plaza Raconet";"Plaza Raconet, s/n";"46711";"MIRAMAR";;"38.950897";"-0.139490"
"219";"Plaza Raconet";"Plaza Raconet, s/n";"46711";"MIRAMAR";;"38.950897";"-0.139490"
"219";"c/ Porche";"c/ Porche, 22";"46712";"PILES";;"38.940208";"-0.131410"
"219";"c/ Juan Carlos I";"c/ Juan Carlos I, 13";"46714";"PALMERA";;"38.941563";"-0.153629"
"219";"c/ Enric Valor";"c/ Enric Valor (PATRI)";"46717";"LA FONT D'EN CARROS";;"38.917259";"-0.172280"
"219";"Avenida de la Constitución";"Avenida de la Constitución, s/n";"46721";"POTRIES";;"38.914856";"-0.193590"
"219";"c/ Partida Alfas";"c/ Partida Alfás, s/n (junto a la Iglesia)";"46722";"BENIARJO";;"38.930882";"-0.197019"
"219";"Passeig de Bologneta";"Passeig de Bologneta";"46724";"PALMA DE GANDIA";;"38.922829";"-0.220135"
"219";"Ctra. Albaida";"Ctra. Albaida, s/n ( Centro de acogida San Francisco de Asís)";"46724";"PALMA DE GANDIA";;"38.922512";"-0.223041"
"219";"c/ de la Safor";"c/ de la Safor, s/n";"46727";"REAL DE GANDIA";;"38.947979";"-0.188350"
"219";"Ctra. Albaida";"Ctra. Albaida, s/n (Preventorio Infantil Virgen de los Desamparados)";"46727";"REAL DE GANDIA";;"38.952278";"-0.193532"
"219";"Ctra. Albaida";"Ctra. Albaida, s/n (Preventorio Infantil Virgen de los Desamparados)";"46727";"REAL DE GANDIA";;"38.952278";"-0.193532"
"219";"c/ Joan Martorell";"C/ Joan Martorell";"46729";"ADOR";;"38.920944";"-0.224349"
"219";"c/ Ravalet de la Trinitat";"C/ Ravalet de la Trinitat, 2";"46790";"XERESA";;"39.009331";"-0.220059"
"219";"Avda. Vicente Boluda";"Avda. Vicente Boluda, 2";"46830";"BENIGANÍM";;"38.940941";"-0.443590"
"219";"Avda. de L´Ortisa";"Avda. de L´Ortisa, 1";"46830";"BENIGANÍM";;"38.946369";"-0.444779"
"219";"Avda. Ronda Rodat";"Avda. Ronda Roda, 3";"46830";"BENIGANÍM";;"38.941738";"-0.446717"
"219";"Avda. Pais Valenciano";"Avda. Pais Valenciano ( cruce con c/ Poassa)";"46837";"QUATRETONDA";;"38.947384";"-0.402513"
"219";"c/ Paz";"c/ Paz, s/n";"46842";"MONTIXELVO";;"38.891537";"-0.338532"
"219";"Avda. de la Ermita";"Avda. de la Ermita";"46843";"RAFOL DE SALEM";;"38.864449";"-0.397515"
"219";"c/ Sant Pancraci";"c/ Sant Pancraci (junto parada autobuses)";"46892";"MONTAVERNER";;"38.888458";"-0.493511"
"219";"Centro Comercial Bonaire";"Centro Comercial Bonaire ( junto hipermercado Alcampo)";"46960";"ALDAIA";;"39.471027";"-0.491001"
"219";"c/ Maria Rafols";"c/ Maria Rafols";"46680";"ALGEMESI";;"39.194298";"-0.429564"
"219";"Ctra. de Alzira";"Ctra. de Alzira, s/n";"46680";"ALGEMESI";;"39.189941";"-0.441752"
"219";"Plaza Alonso Rincona";"Plaza Alonso Rincona";"46780";"OLIVA";;"38.921070";"-0.122612"
"219";"c/ Bellreguard";"c/ Bellreguard (cruce con Mar Mediterraneo)";"46780";"OLIVA";;"38.928600";"-0.094224"
"219";"Passeig Joan Fuster";"Passeig Joan Fuster (Mercado Municipal)";"46780";"OLIVA";;"38.925648";"-0.123514"
"219";"Passeig Joan Fuster";"Passeig Joan Fuster , 3";"46780";"OLIVA";;"38.924526";"-0.122398"
"219";"Via de Ronda";"Via de Ronda (cruce con Almirante Roger de Lau)";"46780";"OLIVA";;"38.925453";"-0.091916"
"219";"c/ Clara Campoamor";"c/ Clara Campoamor (junto Plaza Libertat)";"46850";"L'OLLERIA";;"38.915604";"-0.553438"
"219";"Plaza San Felipe";"Plaza San Felipe, s/n (Colegio Público Sanchis Guarner) ";"46850";"L'OLLERIA";;"39.915447";"-0.545241"
"219";"C/ Isabel la Católica, s/n";"C/ Isabel la Católica, s/n (Colegio Público Isabel la Católica)";"46850";"L'Olleria";;"38.914810";"-0.556024"
"219";"Avenida Diputación de Alicante";"Avenida Diputación de Alicante (frente nº 59)";"46850";"L'OLLERIA";;"38.911407";"-0.551078"
"219";"c/ La Coruña";"c/ La Coruña, 14";"46900";"Torrent";;"39.427078";"-0.485869"
"219";"c/ Valencia";"c/ Valencia, 40";"46900";"Torrent";;"39.440765";"-0.465377"
"219";"Avda. San Lorenzo";"Avda. San Lorenzo (junto ambulatorio)";"46900";"Torrent";;"39.426754";"-0.486629"
"219";"c/ San Juan Bautista";"c/ San Juan Bautista, s/n (Ecoparque)";"46900";"Torrent";;"39.428753";"-0.465528"
"219";"Toll de l'alberca";"Toll de l'alberca, s/n (Decathlon)";"46900";"Torrent";;"39.418839";"-0.506628"
"219";"c/ Melissa";"c/ Melissa (Polideportivo)";"46980";"Paterna";;"39.516273";"-0.436195"
"219";"Avda. Vicente Mortes Alonso";"Avda. Vicente Mortes Alonso (gasolinera BP)";"46980";"Paterna";;"39.510067";"-0.452159"
"219";"Carrer de les Roses";"Carrer de les Roses, 9";"46980";"Paterna";;"39.509373";"-0.449735"
"219";"Carrer Santes Justa i Rufina";"Carrer Santes Justa i Rufina ( junto Colegio)";"46980";"Paterna";;"39.506920";"-0.453554"
"219";"c/ Maestro Ramón Ramia Querol";"c/ Maestro Ramón Ramia Querol";"46980";"Paterna";;"39.503063";"-0.438448"
"219";"c/ Ginesta";"c/ Ginesta, 4";"46980";"Paterna";;"39.512238";"-0.432118"
"219";"c/ Orenga";"c/ Orenga (en el parking)";"46980";"Paterna";;"39.518261";"-0.434285"
"219";"Avda. de la Mar";"Avda. de la Mar, 60";"46701";"Gandia";;"38.978680";"-0.171515"
"219";"Plaza Parque de la Estación";"Plaza Parque de la Estación (Renfe) ";"46701";"Gandia";;"38.970036";"-0.179840"
"219";"c/ Peru";"c/ Peru, 18";"46701";"Gandia";;"38.974274";"-0.180505"
"219";"Avda. del Grao";"Avda, del Grao, s/n ( Centro Transeuntes)";"46701";"Gandia";;"38.979229";"-0.168407"
"219";"c/ Sants de la Pedra";"c/ Sants de la Pedra, 19";"46702";"Gandia";;"38.961697";"-0.188101"
"219";"c/ Real de Gandia";"c/ Real de Gandia, 18";"46702";"Gandia";;"38.959492";"-0.186234"
"219";"Avda. del Raval";"Avda. del Raval, 43";"46702";"Gandia";;"38.961880";"-0.182801"
"219";"c/ Legazpi";"c/ Legazpi ( Parroquia Santa María del Mar )";"46730";"Gandia";;"39.004478";"-0.165056"
"219";"Passeig Rosa dels Vents";"Passeig Rosa dels Vents (Patri)";"46730";"Gandia";;"38.998959";"-0.164176"
"219";"Passeig Rosa dels Vents";"Passeig Rosa dels Vents (Patri)";"46730";"Gandia";;"38.998959";"-0.164176"
"219";"C/ Salida Port de Valencia";"c/ Salida Port de Valencia";"46181";"Benissano";;"39.611820";"-0.573872"
"219";"c/ Alcalde Urbino Blay Mañez";"c/ Alcalde Urbino Blay Mañez, 67";"46370";"Chiva";;"39.469475";"-0.710805"
"219";"Plaza Jardinet";"Plaza Jardinet (junto Bar Piña)";"46701";"Gandia";;"38.973255";"-0.176854"
"219";"c/ Assagador, s/n";"c/ Assagador, s/n";"46710";"Daimuz";;"38.972515";"-0.148735"
"219";"Passeig Maritim Neptu";"Passeig Maritim Neptu, 2 (Club Naútico)";"46730";"Gandia";;"38.997929";"-0.157516"
"219";"c/ Caballero Merita";"c/ Caballero Merita, 5";"3801";"Alcoi";;"38.689899";"-0.476830"
"219";"Avda. d'Elx";"Avda. d'Elx, s/n (Ecoparque)";"3801";"Alcoy";;"38.687641";"-0.476330"
"219";"Avda. Andalucia";"Avda. Andalucia, 12";"3804";"Alcoy";;"38.705410";"-0.467802"
"219";"Carrer Font de la Edra";"Carrer Font de la Edra";"3820";"Cocentaina";;"38.741810";"-0.434501"
"219";"c/Justo San Salvador";"c/ Justo San Salvador (junto Colegio Público San Juan Bosco) ";"3820";"Cocentaina";;"38.743122";"-0.438165"
"219";"Urbanización El Bosque";"Urbanización El Bosque (Punto verde)";"46370";"Chiva";;"39.444885";"-0.616773"
"219";"C/ Vicente Blasco García, 12";"C/ Vicente Blasco García, 12 (Centro Social de Día Archines)";"46014";"Valencia";;"39.472301";"-0.409912"
"219";"C/ San Lázaro, s/n";"C/ San Lázaro, s/n Parroquia Santa Teresa de Jesús";"46017";"Valencia";"Hospital Peset";"39.453327";"-0.393547"
"219";"Plaza Roma";"Plaza Roma, esquina C/ Burgos";"46018";"Valencia";;"39.471436";"-0.398983"
"219";"Plaza San Felipe Neri";"Plaza San Felipe Neri, (Mercado de Algirós)";"46021";"Valencia";;"39.469715";"-0.354033"
"219";"Avenida Hugo Bacharach";"Avenida Hugo Bacharach (Plaza del Rei Jaume I)";"46134";"Foios";;"39.535980";"-0.352077"
"219";"C/ De los Mártires";"C/ De los Mártires (Barrio Delme)";"46134";"Foios";;"39.536903";"-0.358873"
"219";"C/ del Cid";"C/ del Cid (detrás del Llar de la Música)";"46134";"Foios";;"39.539864";"-0.350242"
"219";"C/ San Vicente";"C/ San Vicente (Farmacia)";"46131";"Bonrepos y Mirambell";;"39.517754";"-0.365522"
"219";"C/ Cristo de las Animas";"C/ Cristo de las Animas (frente nº 23)";"46135";"Albalat dels Sorells";;"39.545803";"-0.345344"
"219";"C/ Jaime I";"C/ Jaime I (esquina C/ Juan Carlos I)";"46135";"Albalat dels Sorells";;"39.539623";"-0.346749"
"219";"C/ Enguera";"C/ Enguera (junto rotonda)";"46620";"Ayora";;"39.056545";"-1.056545"
"219";"Plaza Valle de Ayora";"Plaza Valle de Ayora (junto escuelas)";"46620";"Ayora";;"39.060898";"-1.060702"
"219";"C/ Coronel Murcia";"C/ Coronel Murcia (esquina carretera Albacete)";"46620";"Ayora";;"39.063808";"-1.055517"
"219";"Piscina Municipal";"C/ Extramuros, 6B";"46622";"Teresa de Cofrentes";;"39.102272";"-1.052944"
"219";"C/ Blasco Ibañez";"C/ Blasco Ibañez (junto Mercado)";"46623";"Jarafuel";;"39.141090";"-1.073683"
"219";"Avenida Cuartel";"Avenida Cuartel, 8";"46770";"Xeraco";;"39.046112";"-0.195086"
"219";"C/ Pintor Sorolla";"C/ Pintor Sorolla (esquina carretera Quatretonda)";"46830";"Beniganim";;"38.944443";"-0.440545"
"219";"C/ Miraflores";"C/ Miraflores";"46850";"L'Olleria";;"38.915096";"-0.548453"
"219";"Avenida Jacinto Benavente";"Avenida Jacinto Benavente (esquina Dr. Fleming)";"46870";"ONTENIENTE";;"38.823421";"-0.612545"
"219";"C/ Pintor Josep Segrelles";"C/ Pintor Josep Segrelles";"46870";"ONTENIENTE";;"38.821056";"-0.602015"
"219";"C/ Literato Fray Luis Galiana";"C/ Literato Fray Luis Galiana";"46870";"ONTENIENTE";;"38.822014";"-0.606243"
"219";"Plaza Poeta Ausias Mach";"Plaza Poeta Ausias March";"46870";"ONTENIENTE";;"38.824535";"-0.598515"
"219";"Urbanización La Cañada";"Urbanización La Cañada, C/ San Vicente Ferrer, 10";"46980";"Paterna";;"39.527603";"-0.488154"
