"1";"2";"3";"4";"5";"6";"7";"8";"9";"10";"11";"12"
219;"Proyecto Rehoboth";"C/ Lepanto, 5";"Valencia";692981861;"rehoboth@hotmail.es";"http://arehoboth.ning.com/";"Fines de semana y festivos";"Proyecto de baja exigencia y amplia acogida. Quiere ser un lugar para las personas sin hogar, donde tengan la oportunidad de mejorar su calidad de vida a través de la escucha, la aceptación y valoración de su persona tal y como son y de una serie de servicios.";;"39.473763";"-0.384399"
219;"Asociación Amaltea";"C/ Pie de la Cruz, 15-Bajo";"Valencia";963924316;"amaltea001@gmail.com";"http://asociacionamaltea.wordpress.com/";;"Amaltea es una Asociación sin ánimo de lucro que tiene la finalidad de realizar una labor preventiva dirigida a menores y jóvenes en situación carencial para facilitar su integración social. Amaltea desarrolla servicios de apoyo socioeducativo y familiar, ocio y tiempo libre, de carácter ocupacional y rehabilitador, de apoyo escolar y orientación sociolaboral y profesional.";;"39.473488";"-0.381102"
219;"Asociación Valenciana de Caridad";"Paseo Pechina 9";"Valencia";963916888;;;;"Albergue para Personas sin Hogar.";"Derivación desde CAST.";"39.478836";"-0.386689"
219;"Club Infantil y Juvenil Arca de Noe";"C/ Manuel Andrés, 9";"Valencia";963673255;;"www.elarcanazaret.org";;;;"39.447708";"-0.333649"
219;"Asociación Àmbit";"Calle Alta del Mar, 80, bajo";"Valencia";963679580;"ambitg@gmail.com";"http://ambitassociacio.org";"9:00 a 14:00 y de 16:00 a 20:00 ";"Àmbit se creó en 1993, y hoy cuenta con un Albergue para personas con alto riesgo de exclusión social, con una Vivienda Tutelada para enfermos mentales y lleva a cabo diferentes programas que van desde talleres en el Centro Penitenciario de Valencia para personas con enfermedad mental o con VIH/SIDA a programas en colaboración con el Centro de Salud Mental de Malvarrosa y también programas de prevención en los colegios.";"Cuenta con dos recursos residenciales. Albergue ESPAI y vivienda tutelada EOLUS";"39.449303";"-0.334035"
219;"ALANNA";"PLAZA FRAY LUIS COLOMER 3 BJ ";"VALENCIA";963393877;"alanna@alanna.org.es";"www.alanna.org.es";"Lunes a viernes de 9 a 14 horas ";"Programas y servicios de acción social dirgidos a mujeres en situación de exclusión social (víctima sde violencia de género, chabolistas, minorias étnicas, migrantes) así como a sus familias: apoyo psicosocial, orientación laboral, talleres, acompañamiento social, asesoria,....";;"39.478672";"-0.352957"
219;"PLAN MUNICIPAL DE DROGODEPENDENCIAS (UPC)";"AMADEO DE SABOYA, 11";"46010 VALENCIA";963525478;;"www.valencia.es/pmd";"L a V: 9:00 a 14.00 h";"Servicio de información y orientación de drogodependencias";;"39.473934";"-0.362683"
219;"INSTITUTO VALENCIANO DE LUDOPATIA Y ADICCIONES NO TOXICAS";"RIBERA, 8, PISO 3, PUERTA 7";"46002 VALENCIA";963941587;;;"L a V: 10.00 a 14.00 h, 16.00 a 20.00 h";"Servicio de información y orientación a ludopatías y adicciones no tóxicas y otro tipo de adicciones (a internet, a las compras, al sexo...)";;"39.468624";"-0.375953"
219;"MEDICOS DEL MUNDO";"DR. MONTSERRAT, 1, esquina con LEPANTO, 21";"46008 VALENCIA";963919723;;;"L a V: 16.30 a 21.00 h, L, Ma y Mi: 9.30 a 14.00 h";"Centro de Baja Exigencia:personas sin techo, con problemas de salud mental y adicciones";;"39.473934";"-0.385447"
219;"FUNDACION APROVAT (ASOC. PROVINCIAL VALENCIANA DE AYUDA)";"CIRILO AMOROS, 14 PTAS. 4 -5";"46004 VALENCIA";963522964;;;"L a V: 9.00 a 14,00 h";"Centro de día: atención de adicciones de todo tipo ";"Derivados desde UCA y también atenciones privadas. Previa cita por teléfono.";"39.466515";"-0.373235"
219;"FUNDACION ARZOBISPO MIGUEL ROCA ""PROYECTO HOMBRE”";"PADRE ESTEBAN PERNET, 1 Y 3";"46014 VALENCIA";963597777;;;"L a J: 9.00 a 14.00 y 16.00 a 19.30, V: 9.00 a 14.00";"Residencia para mujeres. Vivienda tutelada(como apoyo al tratamiento a los que se encuentran en el centro de día).Programa de intervención para la prevención (jóvenes y adolescentes). Centro ambulatorio de adicciones. Centro de día en Valencia, Sagunto, Gandía y Onteniente. Comunidad terapéutica en prisión en el Módulo 1.";"Plazas privadas y derivadas de UCA.";"39.467201";"-0.406750"
219;"AVANT";"FLORISTA, 83 BAJO";"46015 VALENCIA";963462967;;;"L a V: 9.00 a 15.00 h";"Centro de día: tratamiento de drogodependencias. Programa jurídico-penal. Programa de orientación a familias. Programa de adicciones y violencia de género. ";"Derivados desde UCA";"39.492668";"-0.394606"
219;"ARME (Alcohólicos rehabilitados)";"PERIODISTA TEODORO LLORENTE, 3";"46009 VALENCIA";963402020;;;"L a V: 17.00 a 21.30 h";"Atención médica y psicológica. Grupos de terapia.";"Derivados desde UCA.";"39.484768";"-0.382672"
219;"AVEX (Asociación Valenciana de exalcohólicos)";"TIRSO DE MOLINA, 13 BAJO";"46009 VALENCIA";963497737;;;"L a V: 9.30 a 13.00 h y 17.00 a 21.00 h";"Tratamiento y terapias de grupo para la deshabituación. ";"A título de información por la mañana y por la tarde información y terapias.";"39.477833";"-0.394176"
219;"AVAPE (Asociación Valenciana de ayuda a personas excluidas)";"SAN PEDRO PASCUAL, 10 BAJO";"46008 VALENCIA";963912963;;;"L a V: 8.30 a 14.00 h, 16.30 a 18.30 h";"Centro de día: Viviendas tuteladas. UVA: Unidad de valoración y apoyo al drogodependiente. Programa alternativo(Programa Intrapenitenciario para personas drogodependientes en prisión). Programa Intégrate (centro de empleo). Orientación para personas inmigrantes. Vivienda tutelada para inmigrantes. Cursos de formación para voluntarios una vez al año.";"Derivados desde UCA.";"39.472832";"-0.384630"
219;"ASOCIACION DE JUGADORES ANONIMOS";"NA CONSTANZA MIQUEL, 10";"46009 VALENCIA";963489434;;;"Depende de la zona. www.valencia.es";"Terapias de grupo. Terapias para familiares.";;"39.488441";"-0.386782"
219;"ALCOHOLICOS ANONIMOS";"PINZON, 11";"46003 VALENCIA";963917160;;;"L a V: 11.00 a 13.00 h, terapias de 20.00 a 22.00 h";"Terapias de grupo de alcohólicos. Reuniones abiertas para profesionales.";;"39.476505";"-0.382550"
219;"NARCOTICOS ANONIMOS";"SAN MARTIN, 12";"46003 VALENCIA";902114147;;;"L y M: 20.00 h, Ma:19.30 a 21.00 h, J y V: 20.30 h, S: 12.00 a 19.30 h, D: 19.30 h ";"Grupos de autoayuda.";"Cambian de dirección y teléfono cada dos años.";"39.474491";"-0.415487"
219;"CENTRO DE DIA HEDRA";"RUBEN VELA, 47 BAJO";"46013 VALENCIA";963954676;;;"L a V: 9.30 a 13.30 h";"Centro de día: Terapias de grupo. Programas socioeducativos.";;"39.453651";"-0.372703"
219;"CENTRO DE DIA CALOR Y CAFE";"BARRACA, 290 BAJO";"46011 VALENCIA";963920592;;;"L a V: 8.30 a 13.30 h";"Centro de baja exigencia: Desayunos, duchas, ropa, atención psicosocial, actividades, etc. Programa intercambio de jeringuillas. Atención sanitaria y psicológica. Alimentación e higiene. Talleres grupales. Proyecto \""Sense Sostre\""(personas con VIH).";;"39.473640";"-0.328272"
219;"CENTRO DE DIA EL FARO";"LEPANTO, 21";"46008 VALENCIA";963910254;;;"depende del Comité Ciudadano Antisida";"Atención psicológica. Taller ocupacional. Habilidades sociales. Comedor Social.";;"39.473953";"-0.385453"
219;"CIPS (Centro de Información y Prevención del sida)";"SAN LAZARO, S/N";"46017 VALENCIA";963527247;;;"L a V: 9.00 a 14.00 h";"Analíticas gratuitas y confidenciales de VIH. Información.";"Acceso por parking en Hospital Dr. Peset.";"39.452583";"-0.392958"
219;"MISION EVANGELICA URBANA";"ROGER DE FLOR, 15";"46001 VALENCIA";963924849;;;"L a V: 8.30 a 13.30 h. M y V solo desayunos antes de las 11.00 con número.";"Alimentos para familias y mayores. Desayunos y almuerzos. Duchas. Programa búsqueda de empleo. Ropa. Lavandería. Peluquería. Programa de Asesoría Jurídica.";;"39.471577";"-0.381049"
219;"BANCO DE ALIMENTOS";"BARRIO SAN JOSE, S/N, FASE F";"46185 LA POBLA DE VALLBONA";961662858;;;"L a J: 10.00 a 13.00 h, 14.00 a 19.00 h";"Reparto de alimentos (una vez al mes).";"Es necesario la presentación de cierta documentación para acceder a este recurso.";"39.586277";"-0.554908"
219;"COMEDOR LA SAL DE LA TIERRA";"FELIPE RINALDI, 37 BAJO";"46019 VALENCIA";963665733;;;"L a V: 13.30 a 15.00 h";"Comedor social para 50 personas a un precio bajo.";;"39.493565";"-0.377194"
219;"COMEDOR SOCIAL ABEJUELA";"ABEJUELA, 2";"46010 VALENCIA";963695662;;;;"Comidas para personas mayores,pagan una cantidad mínima. Dirigido a pensionistas y personas con escasos recursos.";;"39.482624";"-0.369493"
219;"COMEDOR SOCIAL LITERATO AZORIN";"LITERATO AZORIN, 15";"46006 VALENCIA";963743918;;;;"Comidas para personas mayores, solo pagan una cantidad mínima. Dirigido a pensionistas y personas con escasos recursos.";;"39.460201";"-0.374050"
219;"COMEDOR SOCIAL MALVARROSA";"PADRE ANTON MARTIN, 36";"46011 VALENCIA";963727995;;;;"Comidas para personas mayores, que pagan una cantidad mínima. Dirigido a pensionistas y personas con escasos recursos.";;"39.477097";"-0.328561"
219;"FUNDACION SERVICIO VALENCIANO DE EMPLEO";"PINTOR GENARO LA HUERTA, 47";"46010 VALENCIA";963157575;;;"L a V: 8.00 a 15.00 h, Ma y J: 16.00 a 19.00 h";"Ofertas de empleo previa inscripción en el Servef.";"Centro asociado al Servef.";"39.486576";"-0.367005"
219;"CEIM (Centro de Estudios para la integración social y formación de inmigrantes)";"GRAN VIA FERNANDO EL CATOLICO, 78";46008;963152220;;;"L a J: 9.00 a 13.30 h y 16.00 a 18.00 h con cita previa. Atención telefónica de 13.00 a 14.00 h";;;"39.475876";"-0.388804"
219;"APIP (Asociación para la promoción e inserción sociolaboral)";"ROGER DE FLOR, 13";"46001 VALENCIA";963924156;;;"L a J: 9.00 a 14.30 h y 15.30 a 18.00 h. V: 9.00 a 15.00 h.";"Cursos de formación ocupacional. Orientación laboral e inserción laboral. Bolsas de empleo. Talleres TEFIL. Clases de español. Programa de reparación de viviendas (Ayuntamiento Valencia). Proyecto Valencia Inserta. ";"Teléfono información cursos formación ocupacional continua: 900100785";"39.471725";"-0.380847"
219;"LA CASA GRANDE";"DOCTOR RODRIGUEZ DE LA FUENTE, 8 (Barrio de Torrefiel)";"46019 VALENCIA";963463374;;;"L a J: 9.00 a 14.00 h y 16.00 a 19.00 h. V: 9.00 a 14.00 h.";"Bolsa de empleo: sale una vez cada dos meses y tienen que realizar un curso previo que organiza el recurso. Cursos de español, alfabetización, inglés, valenciano, ofimática e internet. Asesoramiento social. Proyecto de familias.Grupos de mujeres. Charlas formativas para padres. Talleres interculturales.";"También para inmigrantes irregulares.";"39.495949";"-0.377714"
219;"RAIS (Personas sin hogar, apoyo humano)";"CONDE TRENOR, 2 bajo";"46003 VALENCIA";963153810;;;"Centro de día: L a J: 8.30 a 11.00 h. Oficina general: 8.00 a 14.00 h y 15.00 a 17.00h. ";"Personas sin hogar: centro de día y piso de baja exigencia durante la campaña de frío. Inmigrantes: trabajo de calle y cursos de formación. Proyecto de voluntariado.";;"39.478401";"-0.373711"
219;"VALENCIA ACOGE";"SAN JUAN BOSCO, 10 bajo (Barrio Orriols)";"46019 VALENCIA";963660168;;;"L a V: 10.00 a 14.00 h y 17.00 a 21.00 h.";"Asesoría jurídica y laboral. Orientación laboral a inmigrantes. Cursos de informática. Bolsa alquiler vivienda. Clases de español. Actividades de ocio y tiempo libre. Cursos de gastronomía. Clases de inglés. Cine fórum. Cursos de manipulador de alimentos.";"También a inmigrantes irregulares.";"39.491695";"-0.372490"
219;"TYRIUS (Asociación Amas de casa y consumo)";"CONDE DE MONTORNES, 20-1ª";"46003 VALENCIA";963515993;;;"L a J: 9.30 a 14.00 h y 16.30 a 18.00 h. V: 9.30 a 14.00 h.";"Asesoramiento al inmigrante en temas laborales y jurídicos.";"teléfono 963510669 solo atención inmigrantes.";"39.473930";"-0.370938"
219;"ASOCIACION MANO AMIGA";"ARQUITECTO TOLSA, 9 bajo";"46019 VALENCIA";963663620;;;"L a V: 10.00 a 14.00 h y 17.00 a 20.00 h.";"Cursos de alfabetización, costura, informática, etc. Clases de español. Asesoría jurídica (solo jueves).";;"39.494678";"-0.368922"
219;"CONGREGACION DE RELIGIOSAS MARIA INMACULADA";"TRINQUETE DE CABALLEROS, 10";"46003 VALENCIA";963915082;;;"L a V: 9.00 a 13.00 h y 17.00 a 20.00 h. Jueves no atienden por la tarde.";"Bolsa de empleo doméstico. Cursos laborales del hogar. Clases de castellano. Otros recursos.";;"39.475048";"-0.372720"
219;"RELIGIOSAS OBLATAS";"PASCUAL Y GENIS, 23";"46002 VALENCIA";963525433;;;"L a V: 10.30 a 13.30 h y 17.00 a 19.00 h. Puede variar.";"Promoción de la mujer y contacto para empleo doméstico. Centro de acogida y orientación a mujeres.";"También para mujeres irregulares.";"39.468258";"-0.373885"
219;"SINDICATO CC.OO (Comisiones Obreras)";"PLAZA NAPOLES Y SICILIA, 5";"46003 VALENCIA";963882100;;;;;;"39.477272";"-0.381659"
219;"SINDICATO U.G.T.";"ARQUITECTO MORA, 7";"46010 VALENCIA";963884140;;;"L a J: 8.30 a 14.00 h y 16.00 a 20.00 h.";;;"39.473614";"-0.362947"
219;"SINDICATO C.G.T.";"AVDA. DEL CID, 154";"46014 VALENCIA";963834440;;;"L a V: 9.15 a 14.00 h y 16.30 a 20.00 h.";;;"39.469948";"-0.413273"
219;"NOVATERRA";"CAMINO VIEJO DE CHIRIVELLA, 11 (acceso por calle Archena, s/n) Parroquia San Miguel de Soternes) ";"46014 VALENCIA";963122472;;;"L A v: 8.00 A 14.00 H.";"Inserción socio laboral. Empleo en centro especial de empleo, servicio especial de mensajería. Bolsas de empleo.";"Solo para personas regulares.";"39.472477";"-0.410943"
219;"CRUZ ROJA";"CIUDAD GRAN TURIA, CALLE CRUZ ROJA, 2 EDIF. TER bloque 3";"46014 VALENCIA";963802244;"valencia@cruzroja.es";"www.cruzroja.es";"L a J: 9.00 a 15.00 h y 16.15 a 20.00 h. V: 9.00 a 15.00 h.";;"Atienden personas inmigrantes irregulares.";"39.460339";"-0.413570"
219;"CENTRO DE ORIENTACION Y DIAGNOSTICO";"SAN JOSE DE CALASANZ, 30";"46008 VALENCIA";963989550;;;"L a V: 9.00 a 14.00 h. Ma y J:16.00 a 18.30 h.";"Reconocimiento de minusvalía.";;"39.467018";"-0.389668"
219;"CASA DE LAS SIERVAS DE MARIA";"SAN DIONISIO,6";"46003 VALENCIA";963910167;;;"D a V: 9.00 a 14.00 h.";"Atención domiciliaria a enfermos sin recursos.";;"39.477360";"-0.381066"
219;"CEAFE";"RIBERA, 14-5º";"46002 VALENCIA";963535065;;;"L a V: 9.00 a 14.00 h.";"Asesoramiento de enfermos mentales.";;"39.467930";"-0.376039"
219;"DELEGACION DE GOBIERNO, OFICINAS DE EXTRANJERIA";"MOTILLA DEL PALANCAR, 23 esquina con DIPUTADA CLARA CAMPOAMOR";"46019 VALENCIA";963079250;;;"L a V: 9.00 a 14.00 h.";"Tramitación de documentación para extranjeros no comunitarios.";"Cita previa en varias tramitaciones.";"39.491062";"-0.368058"
219;"SUBDELEGACION DEL GOBIERNO";"JOAQUIN BALLESTER, 39";"46009 VALENCIA";963079461;;;"L a V: 9.00 a 14.00 h.";"Tramitación de documentación para extranjeros comunitarios.";;"39.481892";"-0.391656"
219;"VALENCIA ACOGE";"SAN JUAN BOSCO, 10";"46019 VALENCIA";963660168;;;"L a V: 8.00 a 14.00 h, y 17.00 a 20.00 h.";"Martes y jueves: 10.00 a 13.00 h asesoramiento jurídico. Lunes: 17.00 h taller búsqueda de empleo. Jueves:18.00 a 21.00 h vivienda. Jueves: 17.00 h clases de castellano. Informática, manipulador de alimentos e intercambio gastronómico. Asesoría para víctimas de racismo. Búsqueda de vivienda. Pisos de acogida.";;"39.491856";"-0.372505"
219;"VALENCIA ACOGE";"SAN JUAN BOSCO, 10 (Barrio de Orriols)";"46019 VALENCIA";963660168;;;"L a V: 10.00 a 14.00 h y 17.00 a 21.00 h.";"Martes y jueves: 10.00 a 13.00 h asesoramiento jurídico. Lunes: 17.00 h taller búsqueda de empleo. Jueves:18.00 a 21.00 h vivienda. Jueves: 17.00 h clases de castellano. Informática, manipulador de alimentos e intercambio gastronómico. Asesoría para víctimas de racismo. Búsqueda de vivienda. Pisos de acogida.Bolsa de alquiler de viviendas.";"Solo para inmigrantes.";"39.491695";"-0.372512"
219;"CEAR  (Comisión de ayuda al refugiado)";"FRANCISCO MORENO USEDO, 21 bajo";"46018 VALENCIA";963162477;;;"L a J: 9.00 a 14.00 h y 16.00 a 20.00 h. V: 9.00 a 14.00 h.";"Asesoramiento jurídico de asilo. Intermediación para la vivienda. Intervención social. Formación y empleo: talleres... Bolsa de empleo (solo para regulares).";"También para inmigrantes irregulares.";"39.472843";"-0.397053"
219;"MOVIMIENTO POR LA PAZ";"LERIDA, 28";"46009 VALENCIA";963821531;;;"L  a V: 16.30 a 19.00 h. Información telefónica: 10.00 a 14.00 h.";"Asesoramiento jurídico. Atención primaria, orientación e información. Bolsa de empleo (solo regulares). Cursos de castellano, valenciano, informática y otros.";;"39.484055";"-0.378170"
219;"ARACOVA (Asociación de refugiados y asilados)";"MARIO ARISTOY, 6 bajo";"46018 VALENCIA";963925444;;;"L a J: 10.00 a 13.30 h y 18.00 a 20.00 h.";"Asesoramiento jurídico. Bolsa de empleo (solo regulares). Atención primaria (empadronamiento, TAS, ropero, homologación títulos, etc.). Jornadas. Charlas. Talleres.";"Con cita previa.";"39.465073";"-0.400143"
219;"CASSIM  (Centro atención socio-sanitaria a inmigrantes)";"DR. MONSERRAT, 1 bajo izquierda ";"46008 VALENCIA";963919723;;;"L, M, M y V: 10.00 a 14.00 h.";"Atención socio-sanitaria. Asesoramiento a inmigrantes. Programa de prostitución(reducción de daños y programa móvil). Atención a personas sin hogar con problemas de adicción. ";"MEDICOS DEL MUNDO.";"39.474232";"-0.384715"
219;"AVAR (Asociación Valenciana de Ayuda al refugiado)";"VICENTE RIOS ENRIQUE, 7 esc 6, bajo derecha";"46035 VALENCIA";962059388;;;"L a J: 9.00 a 14.00 h y 16.00 a 19.00 h. V: 9.00 a 14.00 h. ";"Apartado laboral. Asesoramiento jurídico para menores no acompañados.";"Solo menores.";"39.477448";"-0.402567"
219;"DIRECCION GENERAL DE FAMILIA Y MUJER";"CASTAÑ TOBEÑAS, 77, CIUDAD ADMINISTRATIVA, 9 DE OCTUBRE, TORRE 3";"46018 VALENCIA";961247556;;;;"Acogimiento, adopción, residencias infantiles.";;"39.472576";"-0.403855"
219;"AVAF (Asociación de voluntarios de acogimiento familiar)";"RODRIGO DE PERTEGAS, 37 bajo";"46023 VALENCIA";900150804;;;"L a V: 9.00 a 14.00 h y 15.00 a 18.00 h.";"Difusión del acogimiento familiar. Prevención menores en riesgo. Apoyo a familia extensa y familia educadora.";;"39.461281";"-0.341799"
219;"AOFS (A)sociación operadores familiares y sociales";"XATIVA, 1 a";"46002 VALENCIA";963944432;;;"L a V: 9.00 a 14.00 h y 16.00 a 20.00 h.";"Mediación y orientación familiar en situación de crisis. (Servicios privados). Terapia familiar. Formación a familias. Gestión de conflictos.";;"39.467159";"-0.377462"
219;"AVAMEDI (Asociación Valenciana de Mediación familiar)";"AVENIDA DEL PUERTO, 61, 1º";"46021 VALENCIA";963942908;;;"L a J: 9.00 a 14.00h y 16.00 a 20.00h. V: 9.00 a 14.00 h previa cita.";"Mediación familiar: asesoramiento jurídico, social y psicológico a familias. Apoyo en la familia en crisis. Terapia psicológica y familiar (servicios privados). Apoyo a la 3ª edad.";;"39.466713";"-0.354288"
219;"AVAR (Asociación Valenciana de Ayuda al refugiado)";"GENERAL BARROSO, 26";"46017 VALENCIA";962059388;;;"L a J: 9.00 a 14.00 h y 16.00 a 19.00 h. V: 9.00 a 14.00 h.";"Servicio jurídico para menores. Orientación sociolaboral y clases de castellano para jóvenes hasta 23 años de edad. Pisos tutelados para menores. Bolsa de empleo (para toda la población). ";;"39.453739";"-0.390337"
219;"FUNDACION TIERRA DE HOMBRES (Area de cooperación internacional y derechos)";"GARRIGUES, 3, 4º, A";"46001 VALENCIA";963332445;;;"L a V: 9.00 a 13.30 h y 16.00 a 20.00 h.";"Coordinan intervenciones médicas especializadas imposibles de realizar en el país de origen, tramitando un acogimiento familiar y un visado por circunstancias especiales. Proyecto de educación.";;"39.470871";"-0.378234"
219;"ASOCIACION INFANTIL JUVENIL ARCA DE NOE";"MANUEL ANDRES, 9";"46024 VALENCIA";963673255;"www.elarcanazaret.org";;"L a V: 9.00 a 14.00 h y 16.00 a 20.00 h.";"Centro de día menores, de apoyo convivencial de 6 a 18 años. Inserción sociolaboral de 16 a 25 años. Programa de intervención familiar. Programa voluntariado.";;"39.447792";"-0.333645"
219;"CENTRO DE DIA ENTRE AMICS";"AVENIDA DE LA PLATA, 10";"46013 VALENCIA";963738299;;;"L, Mi y V: 11.00 a 14.00 h. L a V: 15.00 a 20.00 h.";"Orientación familiar. Talleres y apoyo escolar a menores.Fines de semana: ocio y tiempo libre.";;"39.453575";"-0.370538"
219;"CENTRO SOCIAL SANTA MARIA";"AVENIDA TRES CRUCES, 10 COLEGIO SANTA MARIA";"46014 VALENCIA";963793938;;;"Mi: 10.30 a 13.15 h.";"Atención familiar. Becas libros.";;"39.466415";"-0.406430"
219;"FEDERACION DEMOCRATICA DE JUBILADOS Y PENSIONISTAS";"CONVENTO SANTA CLARA, 12, 4º, 4ª";"46002 VALENCIA";963518084;;;"L a V: 9.30 a 14.00 h.";"Olimpiadas para mayores. Ayuda a domicilio. Gabinete jurídico. Servicios sociales. Voluntariado.";;"39.468536";"-0.376410"
219;"AERTE (Asociación empresarial de Residencias y Servicios Sociales de la Comunidad Valenciana)";"VILLAMARCHANTE, 2";"46035 BENIMAMET (VALENCIA)";963571710;;;"L a J: 9.00 a 14.00 h y 15.30 a 18.00 h. V: 8.00 a 15.00 h.";"Información sobre las residencias asociadas a la asociación.";;"39.499405";"-0.425859"
219;"LARES COMUNIDAD VALENCIANA (Asociación Residencias ancianos no lucrativas)";"TRENCH, 25, 1º";"46001 VALENCIA";963923643;;;"L a V: 9.00 a 14.00 h. Cita previa por las tardes. Atención telefónica 24 h.";"Información general sobre las residencias asociadas no lucrativas (no gestionan ingresos).";;"39.473553";"-0.377398"
219;"AFAV ( Asociación familiares de Alzheimer)";"NICOLAU PRIMITIU GOMEZ, 15";"46014 VALENCIA";963587958;;;"L a V: 9.00 a 19.30 h.";"Centro de día. Información sobre recursos, enfermedad, grupos de apoyo, ayuda a domicilio. Estimulación cognitiva a domicilio.";;"39.456078";"-0.402782"
219;"SECCION TERCERA EDAD (DIRECCION TERRITORIAL DE BIENESTAR SOCIAL)";"AVENIDA BARON DE CARCER, 36";"46001 VALENCIA";963866750;;;"L a V: 9.00 a 14.00 h.";"Residencias públicas. Información sobre centros de día. Comedores sociales.";;"39.471287";"-0.379694"
219;"OMAM (Oficina Municipal de atención a personas mayores)";"AMADEO DE SABOYA, 11";"46010 VALENCIA";962082437;;;"L a V: 9.00 a 13.30 h.";"Información, orientación y asesoramiento sobre recursos socio-sanitarios. Información sobre prestaciones culturales y eventos de la ciudad. Derivación a otros recursos. Organización de actividades de animación socio-cultural.Promoción de participación ciudadana.";;"39.474125";"-0.362678"
219;"COCEMFE (Confederación de asociación de discapacitados físicos)";"PILOTA VALENCIANA, 2";"46018 VALENCIA";963837708;;;"L a J: 9.00 a 14.00 h. V: 9.00 a 14.00 h. L, M y V: 9.00 a 15.00h. y Mi: 9.00 a 14.30 h. ";"Servicio integral laboral. Servicio ayuda a domicilio, accesibilidad, etc. Apoyo a asociaciones locales. Asesoramiento subvenciones y programas. Programa rehabilitación integral.Servicio transporte adaptado. Bolsa de empleo para personas con discapacidad. Asesoramiento ley presunción riesgos laborales. Asesoramiento ley protección de datos. Asesor en comunicación y notas de prensa. Punto de información sobre discapacidad. Servicio apoyo psicológico.";;"39.443207";"-0.368539"
219;"ONCE";"GRAN VIA RAMON Y CAJAL, 13";"46007 VALENCIA";963800211;;;"L a V: 7.30 a 14.45 h.";"Ayuda integral a deficientes visuales y ciegos. Información y gestión de trámites administrativos.";;"39.464397";"-0.381079"
219;"ASOCIACIÓN VALENCIANA DE PERSONAS SORDAS";"MESTRE MARÇAL, 46";"46019 VALENCIA";963264175;;;"L, Ma y V: 10.00 a 14.00 h y 16.00 a 20.00 h.";"Información y servicios para afiliados. Servicio de mediación social. Club deportivo de tiempo libre.";;"39.493217";"-0.377539"
219;"ASPACE (Asociación Parálisis Cerebral)";"JUAN MERCADER, 1";"46011 VALENCIA";963912729;;;"L a V: 9.30 a 16.00 h.";"Centro de día (plazas a través de Consellería). Actividades deportivas y pre laborales. Campamentos. Atención personal y familiar. Asesoramiento a familias.";;"39.468712";"-0.334726"
219;"ASPRONA (Asociación Discapacidad Intelectual)";"PLAZA CAPITANES GALAN Y GARCIA HERNANDEZ, 10";"46020 VALENCIA";963391080;;;"L a J: 8.00 a 14.00 h y 16.00 a 19.00 h. V: 8.00 a 14.00 h.";"Atención penitenciaria, social y psicológica. Actividades de ocio. Centro especial de empleo. Viviendas tuteladas.";;"39.492199";"-0.357656"
219;"AUXILIA VALENCIA";"GRABADOR FABREGAT, 5 bajo";"46019 VALENCIA";963725082;;;"L a V: 10.00 a 14.00 h. V: 15.00 a 19.00 h.";"Actividades para discapacitados físicos.";;"39.496559";"-0.372662"
219;"FESA (Federación de deportes adaptados)";"MONESTIR DE POBLET, 30-32";"46035 VALENCIA";963465726;;;"L a V: 10.00 a 14.00 h. Ma y J: 17.00 a 20.00 h.";"Cursos e inserción en deportes federativos adaptados.";;"39.484875";"-0.394783"
219;"IVAS (Instituto Valenciano de Acción Social)";"AVDA. DEL PUERTO, 108";"46021 VALENCIA";961971460;;"www.ivadis.com";"L a V: 9.00 a 14.00 h, Ma y J: 16.00 a 19.00 h.";"Gestión de centros especiales de empleo y residencias para discapacitados.";;"39.465691";"-0.352569"
219;"OMAD (Oficina Municipal de Atención al discapacitado)";"AMADEO DE SABOYA, 11";"46010 VALENCIA";962082468;;;"L a V: 9.00 a 14.00 h.";"Información y asesoramiento a personas con minusvalía con cualquier tipo de discapacidad.";;"39.473900";"-0.362679"
219;"PROVIDA (Asociación Valenciana para la defensa de la vida)";"JOAQUIN COSTA, 24 bajo";"46005 VALENCIA";963331131;;;"L a V: 10.00 a 13.00 h.";"Apoyo a mujeres embarazadas carentes de recursos. 
";"La mujer tiene que estar embarazada y residir en Valencia. Se acude a este servicio por carta de derivación.";"39.465691";"-0.366987"
219;"CENTRO DE ACOGIDA Y ORIENTACION A LA JOVEN";"PASCUAL Y GENIS, 23";"46002 VALENCIA";963526685;;;"L a J: 10.30 a 13.00 h y de 17.00 a 19.00 h. V: 10.30 a 13.00 h. ";"Cursos de la Asociación Mano Amiga (Bonrepós). Información y orientación. Bolsa de empleo, solo para mujeres.";"También para mujeres inmigrantes.";"39.468266";"-0.373887"
219;"ASOCIACION TYRIUS (Amas de casa y consumidores)";"CONDE DE MONTORNES, 20-21";"46003 VALENCIA";963515993;;;"L a J: 9.30 a 14.00 h y 16.00 a 18.00 h. V: 9.30 a 14.00 h.";"Asesoramiento legal, extranjería, psicológico. Clases de castellano. Tramitación de documentación. Pisos de acogida.";;"39.473930";"-0.370927"
219;"CASA CUNA SANTA ISABEL";"CASA DE MISERICORDIA, 8";"46014 VALENCIA";963790133;;;"L a V: 9.00 a 15.00 h y 17.00 a 20.00 h.";"Alojamiento y manutención para madres gestantes y/o con niños (a través de la Consellería).";"Previa cita.";"39.467903";"-0.410356"
219;"RESIDENCIA VILLA TERESITA";"CARNICEROS, 15";"46001 VALENCIA";963920853;;;;"Alojamiento y manutención. Pisos para madres con niños (a través de Consellería).";;"39.473812";"-0.382552"
219;"CENTRO SOCIAL VILLA TERESITA";"BALMES, 14 bajo";"46001 VALENCIA";963926284;;;"L a V: 10.00 a 13.00 h y 17.30 a 20.00 h.";"Apoyo laboral. Bolsa empleo. Servicio jurídico. Atención médica por las tardes. Formación.";;"39.473591";"-0.383173"
219;"CENTRO MUJER 24 HORAS";"GUILLEM DE CASTRO, 100";"46003 VALENCIA";900580888;;;"24 horas";"Atención integral a mujeres victimas de malos tratos.";;"39.477112";"-0.383673"
219;"SAM, SERVICIO DE ATENCIÓN A LA MUJER (Jefatura de Policía)";"GRAN VIA RAMON Y CAJAL, 40";"46007 VALENCIA";963539633;;;"24 horas";"Atención especializada a mujeres. Denuncias por situaciones de malos tratos o agresión sexual. Información, asesoramiento y derivación al Centro Mujer 24 horas. Formación y sensibilización con la Dirección General de la Mujer. Investigación de las formas de delito.";;"39.468559";"-0.383482"
219;"SERVICIOS SOCIALES PENITENCIARIOS";"AVDA. AUTOPISTA DEL SALER, CIUDAD DE LA JUSTICIA, 14";"46013 VALENCIA";963337228;;;"L a V: 9.00 a 14.00 h.";"Gestión de las penas en beneficio de la comunidad.";;"39.454697";"-0.354850"
219;"FUNDACION ADSIS";"RUBEN DE VELA, 47 bajo";"46004 VALENCIA";963418690;;;;"Programa Hedra para reclusos y exreclusos.";;"39.453659";"-0.372710"
219;"CASAL DE LA PAU";"EN LLOPIS, 4";"46003 VALENCIA";963915429;;;"24 horas";"Residencia para liberados condicionados por enfermedad crónica. Albergue y centro de día para liberados sin enfermedad. Pisos tutelados. Servicio de atención jurídica. Atención sanitaria. Apoyo para la búsqueda de empleo y vivienda.";"Derivados de los centros penitenciarios. Iniciativa propia. Servicios socio sanitarios.";"39.478054";"-0.373195"
219;"OBRA MERCEDARIA";"BOTANICO, 22";"46008 VALENCIA";963924902;;;"L a V: 9.00 a 13.00 h.";"Albergue y manutención. Asistencia jurídica.";"Vivienda tutelada: 24 horas.";"39.474926";"-0.385844"
219;"ASOCIACION AMBIT (Nazaret)";"ALTA DEL MAR, 80";"46024 VALENCIA";963679580;;;"Albergue L a V: 8.00 a 14.00 h. Vivienda Tutelada 24 horas.";"Albergue y manutención para presos de tercer grado, libertad definitiva, condicional. Piso tutelado para enfermos mentales presos.";;"39.448849";"-0.334042"
219;"PROYECTO MARE";"FRANCISCO FALCONS, 6";"46024 VALENCIA";963671814;;;;"Taller pre-laboral para mujeres (depende de la Fundación José Mª Haro-Intra).";;"39.447941";"-0.334282"
219;"PROYECTO PROMODONA";"HOSPITAL,11";"46500 SAGUNTO (VALENCIA)";699789818;;;;"Taller pre-laboral para mujeres(Depende de la Fundación José Mª Haro-Intra).";;"39.679520";"-0.279961"
219;"LA CASA GRANDE";"DOCTOR RODRIGUEZ DE LA FUENTE, 8";"46019 VALENCIA";963463374;;;"L a J: 9.00 a 14.00 h y 16.00 a 19.00 h. V: 9.00 a 15.00 h.";"Orientación y búsqueda de empleo (martes). Aula de acceso gratuito a internet. Clases de alfabetización, castellano y valenciano.";;"39.495941";"-0.377716"
219;"ASOCIACION VALENCIANA DE LA CARIDAD";"PASEO DE LA PECHINA, 9 bajo";"46008 VALENCIA";963911726;;;"L a V: 8.00 a 15.00 h y 16.00 a 21.00 h. ";"Albergue y comedor. Centro de día. Ropero gratuito para usuarios. Escuela infantil. Servicio duchas.";;"39.478477";"-0.386728"
219;"ARACOVA (Asociación de Refugiados y Asilados)";"MARIO ARISTOY, 6 bajo";"46018 VALENCIA";963925444;;;"L a J: 10.00 a 13.30 h.";"Servicio de ropero. Atención jurídica. Proyecto de familias. Campañas de prevención contra el racismo y la xenofobia.Recogida y reciclaje de ropa.";;"39.465034";"-0.400172"
219;"MISION URBANA";"ROGER DE FLOR, 15";"46001 VALENCIA";963924849;;;"Ma y V: 10.00 a 12.00 h.";"Servicio de ropero. Aseo personal. Peluquería. Orientación laboral. Desayunos.";;"39.471577";"-0.381060"
219;"AVACOS (Asociación Valenciana contra el sida)";"GABRIEL Y GALAN, 24";"46017 VALENCIA";963342027;;;"L a J: 10.00 a 14.00 h y 16.00 a 20.00 h. V: 10.00 a 14.00 h.";"Intervención para derivar a programas. Asesoría sociolaboral. Información, orientación y apoyo. Piso tutelado \""Alba\"".  ";"Perfil VHI, derivados desde cualquier entidad.";"39.453533";"-0.387225"
219;"COMITE CIUDADANO ANTISIDA";"CARNICEROS, 10-b";"46001 VALENCIA";963920153;;;;"Atención psicosocial. Orientación a niños, adolescentes, familias con VIH. Centros de día: El Faro, Calor y Café.";;"39.473888";"-0.382677"
219;"ALBERGUE SAN JUAN DE DIOS";"LUZ CASANOVA, 8";"46009 VALENCIA";963665070;;;;;"Derivados desde CAST.";"39.488144";"-0.373293"
219;"BENEJACAM (Cáritas Diocesana)";"SAGUNTO, 155-4";"46009 VALENCIA";963680936;;;;;"Derivación desde CAST.";"39.489166";"-0.375136"
219;"MAMBRE (Cáritas Diocesana)";"JUAN PIÑOL 9 ";"46019 VALENCIA";;;;;"Taller sociocupacional.";"Derivación desde CAST.";"39.496262";"-0.378418"
219;"HOGAR SAN MARTIN";"SAN ALFREDO, 22";"46900 TORRENTE (VALENCIA)";;;;;"Albergue para transeúntes.";"Derivación desde CAST.";"39.435566";"-0.480967"
219;"HOGAR SAN MARTIN";"SAN ALFREDO, 22";"46900 TORRENTE (VALENCIA)";;;;;"Albergue para transeúntes.";"Derivación desde CAST.";"39.435566";"-0.480967"
219;"Unidad de Prevencion Comunitaria en Conductas Adictivas";"Avda. Dr. Fleming, s/n";"Puerto de Sagunto";962655889;"servicios.sociales@aytosagunto.es";"www.aytosagunto.es";;;;"39.664165";"-0.229238"
219;"Atención Dependencia Puerto SMAD";"Avda. Dr. Fleming, s/n";"Puerto de Sagunto";962655889;"servicios.sociales@aytosagunto.es";"www.aytosagunto.es";;;;"39.664165";"-0.229238"
219;"Atención Dependencia Sagunto SMAD";"C/ Camí Reial, 65-67";"Sagunto";;"servicios.sociales@aytosagunto.es";"www.aytosagunto.es";;;;"39.679329";"-0.275197"
219;"AMICS (Atención inmigrantes)";"C/ Camí Reial, 65-67";"Sagunto";;"servicios.sociales@aytosagunto.es";"www.aytosagunto.es";;;;"39.679329";"-0.275197"
219;"AMICS (Atención inmigrantes)";"Avda. Dr. Fleming, s/n ";"Sagunto";962655889;"servicios.sociales@aytosagunto.es";"www.aytosagunto.es";;;;"39.664165";"-0.229238"
219;"Mayores y discapacitados";"Avda. Dr. Fleming, s/n";"Puerto de Sagunto";962655889;"servicios.sociales@aytosagunto.es";"www.aytosagunto.es";;;;"39.664165";"-0.229238"
219;"SEAFI";"Avda. Dr. Fleming, s/n";"Puerto de Sagunto";962655889;"servicios.sociales@aytosagunto.es";"www.aytosagunto.es";;;;"39.664165";"-0.229238"
219;"Medidas Judiciales, Medio abierto a Menores";"Avda. Dr. Fleming, s/n";"Puerto de Sagunto";962655889;"servicios.sociales@aytosagunto.es";"www.aytosagunto.es";;;;"39.664165";"-0.229238"
219;"Trabajos en beneficio de la Comunidad";"Avda. Dr. Fleming, s/n";"Puerto de Sagunto";962655889;"servicios.sociales@aytosagunto.es";"www.aytosagunto.es";;;;"39.664165";"-0.229238"
219;"Centro de Día Menores, Les Moreres";"C/ Periodista Azzati, 3";"Puerto de Sagunto";962674944;;"www.aytosagunto.es";"L a V: 8.00 a 15.00 h.";;;"39.665142";"-0.226962"
219;"Programa Voramar (Enfermos mentales)";"Avda. Mediterráneo, 38";"Puerto de Sagunto";962682339;;"www.aytosagunto.es";"L a V: 9.00 a 13.00 h.";;;"39.659481";"-0.213004"
219;"Centro Tiempo Libre Los Claveles";"C/ Los Claveles, 47";"Puerto de Sagunto";962677793;"servicios.sociales@aytosagunto.es";"www.aytosagunto.es";;;;"39.663818";"-0.213314"
219;"Centro Tiempo Libre San José";"C/ Sierra Espina, 17-19";"Sagunto";;"servicios.sociales@aytosagunto.es";"www.aytosagunto.es";;;;"39.671928";"-0.221628"
219;"CEAM";"Avda. 9 de Octubre, 48";"Puerto de Sagunto";;"servicios.sociales@aytosagunto.es";"www.aytosagunto.es";;;;"39.659527";"-0.222503"
219;"CEAM";"Plaza del Hospital,10";"Sagunto";;;;;;;"39.680244";"-0.280490"
219;"Residencia y Centro de Día Personas Mayores Dependientes";"Avda. de la Ribera, 4";"Sagunto";;;;;;;"39.669456";"-0.228146"
219;"Comedor Social";"C/ Conqueridor, 9";"Sagunto";;;;;;;"39.682079";"-0.282455"
219;"Centro de Día Atención a Conductas Adictivas";"C/ Numancia, 5";"Sagunto";962660366;;;;;;"39.681572";"-0.281587"
219;"Punto de Encuentro Familiar";"C/ Numancia, 5";"Sagunto";;;;;;;"39.681572";"-0.281587"
219;"Asociación de Personas Sordas de Sagunto";"C/ Numancia, 3";"Sagunto";;;;;;;"39.681427";"-0.281571"
219;"Residencia de Personas Mayores Nuestra Señora del Carmen";"C/ Emilio Llopis, 12";"Sagunto";;;;;;"Residencia privada.";"39.681004";"-0.283352"
219;"Residencia de Personas Mayores y Dependientes El Mar";"C/ Pintor Pinazo, 35";"Puerto de Sagunto";;;;;;"Privada.";"39.659866";"-0.215364"
219;"Centro Infodonna";"C/ Camí Reial, 67";"Sagunto";;;;;;;"39.679310";"-0.275026"
219;"Banco Solidario de Alimentos de Sagunto ";"C/ Talleres, 33";"Sagunto";;;;;;;"39.658024";"-0.229102"
219;"UDP Puerto de Sagunto ";"C/ Periodista Azzati, 7";"Puerto de Sagunto";;;;;;"Asociación de Mayores.";"39.665478";"-0.226654"
219;"UDP Baladre";"C/ Tirant lo Blanch, s/n";"Sagunto";;;;;;"Asociación de Mayores.";"39.670334";"-0.241610"
219;"UDP Sagunto";"C/ Camí Reial, 69";"Sagunto";;;;;;;"39.679283";"-0.274911"
219;"MORBITER";"Plaza Hospital, 7";"Sagunto";;;;;;;"39.680073";"-0.280510"
219;"ASVAT";"C/ General Canino, 20-b";"Sagunto";;;;;;;"39.681347";"-0.277013"
219;"CCOO";"C/ del Trabajo, 18";"Puerto de Sagunto";;;;;;;"39.658550";"-0.218744"
219;"Club de la Vida";"C/ Maestro Giner, 27";"Puerto de Sagunto";;;;;;;"39.659889";"-0.222112"
219;"Peña Amigos 3ª Edad";"C/ Palleter, 11 bajo";"Puerto de Sagunto";;;;;;;"39.662754";"-0.226064"
219;"MORVEDRE ACULL";"C/ San Jose, 11";"Puerto de Sagunto";;;;;;;"39.663052";"-0.225196"
219;"GRUPO ESPIGA";"C/ Los Huertos, 3-3º";"Sagunto";661160853;"grupo.espiga@hotmail.com";"www.campamentogrupoespiga.blogspot.com";;"Voluntariado.";;"39.681480";"-0.277393"
219;"UGT Sagunto";"Plaza Cronista Chabret, 13";"Sagunto";962651232;;;;;;"39.681580";"-0.278686"
219;"UGT Puerto de Sagunto";"Avda. Sindicalista Juan Torres Casado, 14";"Puerto de Sagunto";962672506;;;;;;"39.657021";"-0.218741"
219;"Centro Tiempo Libre Numancia";"C/ Numancia, 3-5";"Sagunto";;;;;;;"39.681435";"-0.281581"
219;"Centro Social Baladre";"C/ Tirant lo Blanch, s/n";"Sagunto";;;;;;"Generalitat.";"39.670322";"-0.241621"
219;"Centro Ocupacional San Cristobal";"C/ San Cristobal, s/n";"Sagunto";962650986;"info@centroocupacionalsancristobal.com";;;;"Subvención Consellería y Ayuntamiento ";"39.680996";"-0.283176"
219;"UCA (Centro de Salud II)";"C/ Sagasta, s/n";"Puerto de Sagunto";962617700;;;;;"Generalitat.";"39.659550";"-0.214364"
219;"Centro de Día Nuestros Hijos";"Prolongación calle García Lorca ";"Puerto de Sagunto";;;;;;"Generalitat sin relación municipal.";"39.670055";"-0.238358"
219;"Residencia Nuestros Hijos";"Prolongación calle García Lorca ";"Puerto de Sagunto";;;;;;"Generalitat sin relación municipal.";"39.670067";"-0.238358"
219;"Residencia Personas Mayores y CEEM Sar Monte Arse";"Carretera Sagunto-Puerto, s/n";"Sagunto";962650422;;;;;"Privada con plazas concertadas con Consellería.";"39.651150";"-0.245045"
219;"AVOCAM (Asociación de Voluntariado Camp de Morvedre)";"Camí Vell de Terol, s/n";"Sagunto";962660153;;;;"Colegio San Vicente Ferrer.";"Entidad Privada, subvención del Ayuntamiento en concurrencia competitiva.";"39.693504";"-0.299508"
219;"Centre de la Dona";"Plaza Rei Jaume I, baix";"Gandia";962959528;;;;;;"38.966347";"-0.181504"
219;"Bebe Espai";"Plaza Rei Jaume I, baix";"Gandia";962959528;;;;;;"38.966347";"-0.181493"
219;"Oficina Victimas del Delito";"Plaza Rei Jaume I, baix";"Gandia";962959528;;;;;;"38.966347";"-0.181493"
219;"UCA";"Calle Benisuai, 31";"Gandia";962829570;;;;;"Centro Salud Corea";"38.974827";"-0.178744"
219;"UCA Alcohologia";"Calle Benisuai, 22";"Gandia";962829575;;;;;"Centro Salud Corea.";"38.974789";"-0.178557"
219;"Proyecto Hombre";"Plaza Alqueria Nova, 5";"Gandia";962873410;"info@proyectohombrevalencia.org";;;;;"38.968491";"-0.191247"
219;"Centro de Atención Integral San Francisco de Borja";"Avenida del Grao, 66";"Gandia";610170082;;;;;;"38.973087";"-0.173940"
219;"L' Habitatge";"Calle Tossal, 4 bajo";"Gandia";962959527;;;;;"Servicio Municipal para el acceso a una vivienda.";"38.969131";"-0.178432"
219;"Departamento de Educación ";"C/ Tossal, 8 bajo";"Gandia";962959463;;;"L a V: 9.00 a 14.00 h.";;"Ayuntamiento.";"38.968628";"-0.177331"
219;"Cruz Roja";"C/ Magistrado Catalá, 48";"Gandia";962873861;;;;;;"38.971867";"-0.177325"
219;"Asociación Buñoleras sin Fronteras";"C/ Algepseria, 75";"Gandia";;;;;"Comedor Social.";;"38.961300";"-0.180908"
219;"ASPID, Asociación de la Safor de Prevención e Información de Drogodependencias.";"C/ San José de Calasanz, 7, 1ª";"Gandia";962873945;;;"L, Mi y V";;;"38.968792";"-0.181711"
219;"Asociación de Minusválidos Físicos. ";"C/ Jaume II, 12";"Gandia";962960863;;;;;;"38.975246";"-0.181026"
219;"Asociación Pro-Integración Laboral Minusválidos Psíquicos Monduver";"C/ Rótova, 50";"Gandia";962866459;;;;;;"38.961117";"-0.184260"
219;"ASAEM, Asociación de La Safor de Ayuda a los Enfermos Mentales. ";"C/ Santa Ana, 59";"Gandia";;;;;;"Centro Social José Giner.";"38.927563";"-0.220851"
219;"Asociación Pro-Minusválidos Psíquicos de La Safor";"C/ Pintor Sorolla, 18";"Gandia";962800482;;;;;"Apartado Correos nº70.";"38.967522";"-0.184961"
219;"Viviendas para los sin techo.";"C/ San José de Calasanz, 5, entresuelo B";"Gandia";962961003;;"www.sin-techo.es";;;;"38.968781";"-0.181834"
219;"Cooperación Internacional ONG.";"Avda. Navarro Reverter, 10";"Valencia";963518366;;"www.juventudsolidaria.org";;;;"39.471127";"-0.366941"
219;"Asociación de Familiares de Personas con Trastorno de Espectro Autista de la Safor";"C/ Sequia Assut, 7-1º-5";"Gandia";;;;;;;"38.959972";"-0.190397"
219;"COESAFRI, Consenso Estratégico para la Solidaridad con Africa";"C/ Duc Alfons el Vell, 5 bajo (Globalmon)";"Gandia";962950668;;;;;;"38.965462";"-0.180431"
219;"CAISE, Coordinadora de Asociaciones de Inmigrantes Subsaharianos en el Extranjero";"Plaza Parc de l´Estació, 26-6º-2";"Gandia";962966568;;;;;;"38.970840";"-0.179426"
219;"ANSAROUDINE, Asociación de Mujeres Inmigrantes Senegalesas";"C/ Abad Sola, 40";"Gandia";;;;;;;"38.969055";"-0.186279"
219;"Caritas Interparroquial Gandia";"C/ Duc Carles de Borja, 15";"Gandia";962873364;;;;;;"38.967693";"-0.181994"
219;"Cruz Roja Española, Asamblea Local de Gandia";"C/ Magistrat Catala, 48 bajo";"Gandia";962873861;;"www.cruzroja.es";;;;"38.971867";"-0.177325"
219;"Cruz Roja Española en Gandia";"C/ San Rafael, 14 ";"Gandia";962965517;;"www.cruzroja.es";;;;"38.966747";"-0.183837"
219;"QUSIBA (Quart sin barreras)";"C/ Vinatea, 3";"Quart de Poblet";663865691;"qusiba@ono.com";"www.qusiba.quartdepoblet.org";;"Asociación que trabaja para mejorar la calidad de vida de personas con alguna limitación.";;"39.484100";"-0.440161"
219;"CASA DE LA DONA";"Avda. Blasco Ibañez, 23";"Quart de Poblet";961536210;"dona@quartdepoblet.org";;"La V: de 11.00 a 14.00 h y L a J: de 17.00 a 20.00 h.";"Información sobre temas relacionados con la igualdad de oportunidades y con las actividades de la Casa de la Dona. Recursos existentes destinados a mujeres.Orientación psicológica. Asesoría jurídica. Atención integral a mujeres víctimas de violencia de género.";;"39.481853";"-0.449722"
219;"CENTRO OBERT";"C/ Adolfo Domínguez del Río y Tasso, s/n";"Quart de Poblet";;;;"L a J: de 16.30 a 20.30 h.";"Atención a menores que precisan de apoyo socioeducativo. Menores en educación primaria o entre 8 y 12 años.";"Los viernes de 9.00 a 14.00 h se dedican a la coordinación con el equipo del centro de día, colegios, familias y demás entidades locales.";"39.481865";"-0.447037"
219;"ARTIC (Asociación de Alcohólicos Rehabilitados de Torrente y Comarca.";"C/ Hospital, 6";"Torrente";961564658;"cdartic@yahoo.es";"www.artictorrent.org";;;;"39.436947";"-0.462653"
219;"SERVICIOS SOCIALES MUNICIPALES";"C/ Joanot Martorell, 40";"Quart de Poblet";961548008;"socials@quartdepoblet.org";;;"Ayudas de emergencia. Renta garantizada de ciudadanía. Prestaciones por acogimiento familiar. Ayuda a domicilio. Otras prestaciones y tramitaciones.";;"39.482327";"-0.444185"
219;"CENTRO DE EMPLEO Y DESARROLLO.";"C/ José Mª Coll, 8";"Quart de Poblet";961536210;"adl@quartdepoblet.org";;"L a V: de 10.00 a 14.00 h y Mi: de 16.00 a 18.00 h.  ";;;"39.479404";"-0.447551"
